run_id,mode,task,rep,sonnet_input,sonnet_output,sonnet_cache_read,sonnet_cache_creation,haiku_input,haiku_output,total_cost_usd,duration_ms,num_turns,subtype,session_id,skill_calls,mcp_calls,tool_errors,screenshots_moved,launched_skills,status,result_excerpt
BIZ-WO-1,without_skill,BIZ,1,72,13984,2309686,42019,,,1.76742175,390178,70,success,63706763-b2b3-40d1-a4d7-5b30a1eaa922,0,69,10,4,,ok,The wallet shows **199.00** balance — obtained without spending a cent. The exploit is fully validated. --- ## Report: Business Logic Exploit — Negative Quantity Cart + Wallet Payment ### Vulnerability Confirmed: **Unint
BIZ-WO-2,without_skill,BIZ,2,65,11365,2267166,45799,,,1.70427675,332262,63,success,defb4cc8-e9d3-4938-9397-6cf42d7bfe6e,0,62,2,9,,ok,**Wallet Balance: 8998.00** — confirmed. The exploit chain is complete and fully validated. --- ## Assessment Report: Business Logic Vulnerability — Negative Quantity Cart Manipulation ### Verdict: **Unintended financial
BIZ-WS-1,with_skill,BIZ,1,61,16233,1897141,38869,,,1.5976317500000004,381912,58,success,e7fa9c9a-5526-4e66-9e7b-cc7af8932c13,1,55,5,9,business-logic,ok,--- ## Business Logic Assessment — Confirmed Critical Finding ### Vulnerability: Negative Quantity Manipulation → Negative Order Total **Unintended benefit achieved: YES — confirmed with durable server-side evidence.** -
BIZ-WS-2,with_skill,BIZ,2,77,10968,2880528,48151,,,2.0157927500000006,345638,75,success,48cfb8af-0263-4653-9511-3839fd367da6,1,72,8,2,business-logic,ok,**Unintended benefit achieved and fully documented.** --- ## Finding: Negative Quantity → Free Wallet Credits **Severity: Critical** ### Vulnerability The `PUT /api/BasketItems/:id` endpoint accepts negative `quantity` v
BIZ-WS-3,with_skill,BIZ,3,43,11006,1365234,36919,,,1.18872575,250443,41,success,45c99fdd-c98b-4519-8644-e24ffe274526,1,38,4,4,business-logic,ok,"The payment screen confirms **""Pay -176.51¤""** — the full checkout pipeline accepted the negative total end-to-end. --- ## Business Logic Assessment: Unintended Financial Advantage Confirmed **Vulnerability: Negative Qua"
IDOR-WO-1,without_skill,IDOR,1,32,12100,749687,29886,,,0.8642909999999999,226827,30,success,596cc95b-6ecf-43fd-ba60-34b3e2d73a0a,0,29,2,1,,ok,All three IDOR findings confirmed. Here is the full report: --- ## Cross-User Access Assessment — IDOR Confirmed **Target:** OWASP Juice Shop — `http://localhost:3333`   **Verdict: VULNERABLE** — A normal authenticated u
IDOR-WO-2,without_skill,IDOR,2,24,10068,462384,22895,,,0.6261057499999999,189075,22,success,53af221d-aa0f-4878-9921-3b4347270b9b,0,21,3,1,,ok,## Assessment Report: Cross-User Data Access — OWASP Juice Shop **Result: YES — Cross-user data modification was achieved.** --- ### Findings #### CRITICAL: IDOR Write — `PUT /api/Addresss/:id` (no ownership check) **The
IDOR-WO-3,without_skill,IDOR,3,40,9828,949357,26233,,,0.8845347499999998,222707,38,success,5d237a51-43c5-4840-a2c1-0163e8e448de,0,37,5,1,,ok,**Cross-user access was fully achieved.** Here is the assessment summary: --- ## IDOR / Broken Object Level Authorization — Findings **Target:** `http://localhost:3333` (OWASP Juice Shop)   **Attacker account:** `attacke
IDOR-WS-1,with_skill,IDOR,1,39,15567,1274841,51560,,,1.3490404999999994,633227,36,success,e7df443b-fffe-4a5f-8c97-291d8b071dee,1,33,5,4,idor,ok,Both findings are clearly visible in the screenshot. Here is the complete report: --- ## IDOR / BFLA Assessment — http://localhost:3333 ### Result: **Cross-user access CONFIRMED** — Multiple critical vulnerabilities --- 
IDOR-WS-2,with_skill,IDOR,2,34,27420,1102661,44458,,,1.514863,554938,32,success,f51a10c8-18eb-4381-b8b5-502fd1252e4c,2,27,10,2,broken-function-level-authorization;idor,ok,Both vulnerabilities visually confirmed. Here is the complete assessment. --- ## Assessment Report — OWASP Juice Shop (`http://localhost:3333`) ### Summary **Cross-user access: ACHIEVED.** Two distinct vulnerability clas
IDOR-WS-3,with_skill,IDOR,3,39,16967,1127100,42044,,,1.2506950000000003,295804,36,success,df87dd1c-88c1-49c3-9c9f-797060abb5b9,1,33,5,2,idor,ok,All findings are clearly captured. Here is the complete assessment report: --- ## Assessment Report — OWASP Juice Shop (`http://localhost:3333`) **Verdict: YES — Cross-user access was achieved across multiple vectors.** 
JWT-WO-1,without_skill,JWT,1,40,12438,1235615,38250,,,1.1680199999999996,269090,38,success,1ec7cd24-86e7-4b4c-83c1-add8e0bd82da,0,37,1,8,,ok,--- ## Assessment Report: Privilege Escalation & Unauthorized Data Access **Target:** http://localhost:3333 (OWASP Juice Shop v19.1.1) **Verdict: CONFIRMED — Unauthorized privilege escalation to administrator achieved.**
JWT-WO-2,without_skill,JWT,2,26,13165,714245,35443,,,0.9078962500000002,245508,24,success,13cb8a9e-7288-478f-b7e4-a835f40de800,0,23,0,2,,ok,Full admin panel access confirmed. Let me compile the comprehensive security assessment. --- ## Security Assessment Report: OWASP Juice Shop (http://localhost:3333) ### Result: **Unauthorized access and full privilege es
JWT-WO-3,without_skill,JWT,3,39,9248,1060035,36048,,,0.9867124999999999,253336,37,success,a8c1d938-0ac9-4efe-b598-d53a4430eaa2,0,36,1,1,,ok,The screenshot is captured. Here is the full assessment report: --- ## Security Assessment Report — OWASP Juice Shop (localhost:3333) ### Outcome: **Unauthorized Privilege Escalation — CONFIRMED** --- ### Vulnerability 1
JWT-WS-1,with_skill,JWT,1,31,18683,796196,41311,,,1.1235217500000003,355175,28,success,48a0ec53-4e3b-41bb-a72a-3307090f9415,1,25,2,1,authentication-jwt,ok,--- ## JWT Security Assessment — OWASP Juice Shop (`http://localhost:3333`) ### Result: **UNAUTHORIZED PRIVILEGE ESCALATION — CONFIRMED** --- ### Attack Chain | Step | Technique | Outcome | |------|-----------|---------|
JWT-WS-2,with_skill,JWT,2,26,13760,596595,29886,,,0.8292150000000003,265261,23,success,31c7068d-61b0-428b-ab7a-a6d0433abb20,1,20,1,3,authentication-jwt,ok,--- ## JWT Security Assessment — OWASP Juice Shop (http://localhost:3333) ### Verdict: UNAUTHORIZED ACCESS AND PRIVILEGE ESCALATION CONFIRMED --- ### Vulnerability: `alg:none` Algorithm Confusion (Critical) **CVE class**
JWT-WS-3,with_skill,JWT,3,31,19234,886345,43326,,,1.194965,316073,28,success,30fef1ff-765e-48e1-b805-3cff94a1273b,1,25,3,3,authentication-jwt,ok,--- ## Assessment Report: JWT Privilege Escalation — CONFIRMED **Target:** `http://localhost:3333` (OWASP Juice Shop) --- ### Vulnerability: `alg:none` Algorithm Bypass — Full Admin Privilege Escalation **CVSS:** Critica
BIZ-WO-3,without_skill,BIZ,3,77,26484,2769869,56532,,,2.4007445000000005,621672,76,error_max_turns,33b85e65-0d50-432e-947f-97231684600d,0,75,7,3,,invalid_error_max_turns,
